ObjectPad,Threads,Scenario,Allocator,Ops,Time(s),Throughput(op/s),Mem(MB),p50_us,p99_us
32,1,SameThread,make_shared,500000,0.0380916,1.31263e+07,18.7031,0.1,0.2
32,1,SameThread,allocate_shared(PoolAlloc),500000,0.0246758,2.02628e+07,19.1953,0,0.1
32,2,CrossThread,make_shared,500000,0.0766858,6.52011e+06,20.3047,0,0
32,2,CrossThread,allocate_shared(PoolAlloc),500000,0.0497905,1.00421e+07,55.3516,0,0
32,2,CrossThread,make_shared,500000,2.58671,193296,68.3633,0,0
32,2,CrossThread,allocate_shared(PoolAlloc),500000,2.56734,194754,96.5547,0,0
32,2,CrossThread,make_shared,500000,25.3129,19752.8,98.4414,0,0
32,2,CrossThread,allocate_shared(PoolAlloc),500000,25.3292,19740.1,101.941,0,0
32,2,SameThread,make_shared,1000000,0.0691443,1.44625e+07,84.25,0.1,0.3
32,2,SameThread,allocate_shared(PoolAlloc),1000000,0.0623888,1.60285e+07,85.0664,0.1,0.1
32,2,CrossThread,make_shared,500000,0.0741842,6.73998e+06,85.6211,0,0
32,2,CrossThread,allocate_shared(PoolAlloc),500000,0.0496692,1.00666e+07,100.77,0,0
32,2,CrossThread,make_shared,500000,2.59196,192904,110.465,0,0
32,2,CrossThread,allocate_shared(PoolAlloc),500000,2.58176,193667,110.816,0,0
32,2,CrossThread,make_shared,500000,25.3607,19715.6,114.574,0,0
32,2,CrossThread,allocate_shared(PoolAlloc),500000,25.3178,19749,115.469,0,0
32,4,SameThread,make_shared,2000000,0.121844,1.64145e+07,99.9727,0.2,0.4
32,4,SameThread,allocate_shared(PoolAlloc),2000000,0.116518,1.71648e+07,101.605,0.1,0.3
32,4,CrossThread,make_shared,1000000,0.224021,4.46387e+06,101.973,0,0
32,4,CrossThread,allocate_shared(PoolAlloc),1000000,0.146259,6.8372e+06,119.77,0,0
32,4,CrossThread,make_shared,1000000,2.65125,377181,145.082,0,0
32,4,CrossThread,allocate_shared(PoolAlloc),1000000,2.63309,379782,199.348,0,0
32,4,CrossThread,make_shared,1000000,25.3689,39418.4,207.875,0,0
32,4,CrossThread,allocate_shared(PoolAlloc),1000000,25.3585,39434.5,211.094,0,0
32,8,SameThread,make_shared,4000000,0.244237,1.63775e+07,179.578,0.2,0.9
32,8,SameThread,allocate_shared(PoolAlloc),4000000,0.229251,1.74481e+07,182.766,0.2,0.8
32,8,CrossThread,make_shared,2000000,0.618068,3.23589e+06,188.305,0,0
32,8,CrossThread,allocate_shared(PoolAlloc),2000000,0.577672,3.46217e+06,203.461,0,0
32,8,CrossThread,make_shared,2000000,2.72855,732989,262.781,0,0
32,8,CrossThread,allocate_shared(PoolAlloc),2000000,2.70458,739485,362.832,0,0
32,8,CrossThread,make_shared,2000000,25.2615,79171.9,384.059,0,0
32,8,CrossThread,allocate_shared(PoolAlloc),2000000,25.277,79123.2,399.043,0,0
32,16,SameThread,make_shared,8000000,0.510082,1.56837e+07,339.746,0.5,1.7
32,16,SameThread,allocate_shared(PoolAlloc),8000000,0.491253,1.62849e+07,346.133,0.4,1.9
32,16,CrossThread,make_shared,4000000,2.02451,1.97578e+06,349.363,0,0
32,16,CrossThread,allocate_shared(PoolAlloc),4000000,1.85948,2.15114e+06,358.172,0,0
32,16,CrossThread,make_shared,4000000,3.32128,1.20435e+06,501.809,0,0
32,16,CrossThread,allocate_shared(PoolAlloc),4000000,3.30787,1.20924e+06,609.898,0,0
32,16,CrossThread,make_shared,4000000,25.3631,157709,659.66,0,0
32,16,CrossThread,allocate_shared(PoolAlloc),4000000,25.3696,157669,753.078,0,0
32,32,SameThread,make_shared,16000000,1.07742,1.48503e+07,638.461,0.8,2.6
32,32,SameThread,allocate_shared(PoolAlloc),16000000,0.923432,1.73267e+07,650.887,0.6,2.6
32,32,CrossThread,make_shared,8000000,5.31597,1.5049e+06,650.961,0,0
32,32,CrossThread,allocate_shared(PoolAlloc),8000000,4.88407,1.63798e+06,665.152,0,0
32,32,CrossThread,make_shared,8000000,5.38044,1.48687e+06,1018.03,0,0
32,32,CrossThread,allocate_shared(PoolAlloc),8000000,5.53714,1.44479e+06,989.129,0,0
32,32,CrossThread,make_shared,8000000,25.9302,308520,1486.55,0,0
32,32,CrossThread,allocate_shared(PoolAlloc),8000000,25.8483,309499,1408.86,0,0
32,64,SameThread,make_shared,32000000,2.17534,1.47103e+07,1118.44,0.9,2.8
32,64,SameThread,allocate_shared(PoolAlloc),32000000,1.81331,1.76473e+07,1144.53,0.7,2.8
32,64,CrossThread,make_shared,16000000,10.569,1.51385e+06,1158.25,0,0
32,64,CrossThread,allocate_shared(PoolAlloc),16000000,9.66889,1.65479e+06,1187.43,0,0
32,64,CrossThread,make_shared,16000000,13.8675,1.15378e+06,2597.96,0,0
32,64,CrossThread,allocate_shared(PoolAlloc),16000000,13.8276,1.1571e+06,2589.46,0,0
32,64,CrossThread,make_shared,16000000,32.3613,494418,3479.09,0,0
32,64,CrossThread,allocate_shared(PoolAlloc),16000000,32.2519,496095,2846.91,0,0
128,1,SameThread,make_shared,500000,0.0393951,1.26919e+07,2669.31,0.1,0.2
128,1,SameThread,allocate_shared(PoolAlloc),500000,0.0264764,1.88847e+07,2670.48,0,0.1
128,2,CrossThread,make_shared,500000,0.0936428,5.33944e+06,2670.48,0,0
128,2,CrossThread,allocate_shared(PoolAlloc),500000,0.0515593,9.69757e+06,2691.45,0,0
128,2,CrossThread,make_shared,500000,2.6349,189760,2697.75,0,0
128,2,CrossThread,allocate_shared(PoolAlloc),500000,2.59991,192314,2820.71,0,0
128,2,CrossThread,make_shared,500000,25.433,19659.5,2820.75,0,0
128,2,CrossThread,allocate_shared(PoolAlloc),500000,25.3154,19750.8,2825.5,0,0
128,2,SameThread,make_shared,1000000,0.0906844,1.10273e+07,2821.5,0.2,0.4
128,2,SameThread,allocate_shared(PoolAlloc),1000000,0.0858814,1.1644e+07,2823.82,0.1,0.1
128,2,CrossThread,make_shared,500000,0.0918054,5.4463e+06,2823.82,0,0
128,2,CrossThread,allocate_shared(PoolAlloc),500000,0.0551552,9.06533e+06,2828.2,0,0
128,2,CrossThread,make_shared,500000,2.62366,190573,2830.2,0,0
128,2,CrossThread,allocate_shared(PoolAlloc),500000,2.58604,193346,2832.63,0,0
128,2,CrossThread,make_shared,500000,25.4008,19684.4,2832.64,0,0
128,2,CrossThread,allocate_shared(PoolAlloc),500000,25.32,19747.3,2835.06,0,0
128,4,SameThread,make_shared,2000000,0.14778,1.35337e+07,2831.06,0.2,0.5
128,4,SameThread,allocate_shared(PoolAlloc),2000000,0.13022,1.53587e+07,2835.7,0.1,0.2
128,4,CrossThread,make_shared,1000000,0.266546,3.7517e+06,2835.7,0,0
128,4,CrossThread,allocate_shared(PoolAlloc),1000000,0.166791,5.99552e+06,2842.39,0,0
128,4,CrossThread,make_shared,1000000,2.67609,373680,2850.79,0,0
128,4,CrossThread,allocate_shared(PoolAlloc),1000000,2.61965,381730,2991.38,0,0
128,4,CrossThread,make_shared,1000000,25.2708,39571.4,2991.59,0,0
128,4,CrossThread,allocate_shared(PoolAlloc),1000000,25.2015,39680.2,3003.3,0,0
128,8,SameThread,make_shared,4000000,0.276732,1.44544e+07,2995.3,0.3,0.8
128,8,SameThread,allocate_shared(PoolAlloc),4000000,0.227917,1.75502e+07,3004.59,0.2,0.5
128,8,CrossThread,make_shared,2000000,0.791027,2.52836e+06,3005.68,0,0
128,8,CrossThread,allocate_shared(PoolAlloc),2000000,0.626067,3.19455e+06,3017.98,0,0
128,8,CrossThread,make_shared,2000000,2.75907,724881,3027.7,0,0
128,8,CrossThread,allocate_shared(PoolAlloc),2000000,2.73139,732229,3279.86,0,0
128,8,CrossThread,make_shared,2000000,25.2246,79287.7,3291.86,0,0
128,8,CrossThread,allocate_shared(PoolAlloc),2000000,25.1925,79388.6,3343.66,0,0
128,16,SameThread,make_shared,8000000,0.524021,1.52666e+07,3327.66,0.5,2
128,16,SameThread,allocate_shared(PoolAlloc),8000000,0.46441,1.72262e+07,3346.22,0.4,2
128,16,CrossThread,make_shared,4000000,2.05542,1.94608e+06,3348.56,0,0
128,16,CrossThread,allocate_shared(PoolAlloc),4000000,1.96367,2.037e+06,3365.12,0,0
128,16,CrossThread,make_shared,4000000,3.37851,1.18396e+06,3471.82,0,0
128,16,CrossThread,allocate_shared(PoolAlloc),4000000,3.32568,1.20276e+06,3713.48,0,0
128,16,CrossThread,make_shared,4000000,25.3067,158061,3843.45,0,0
128,16,CrossThread,allocate_shared(PoolAlloc),4000000,25.2747,158261,4036.78,0,0
128,32,SameThread,make_shared,16000000,0.982722,1.62813e+07,4000.99,0.6,2.8
128,32,SameThread,allocate_shared(PoolAlloc),16000000,0.788103,2.03019e+07,4038.11,0.4,2.9
128,32,CrossThread,make_shared,8000000,5.08831,1.57223e+06,4043.5,0,0
128,32,CrossThread,allocate_shared(PoolAlloc),8000000,5.0926,1.57091e+06,4108.05,0,0
128,32,CrossThread,make_shared,8000000,6.35789,1.25828e+06,4266.3,0,0
128,32,CrossThread,allocate_shared(PoolAlloc),8000000,6.09485,1.31258e+06,4368.64,0,0
128,32,CrossThread,make_shared,8000000,25.8217,309817,4918.2,0,0
128,32,CrossThread,allocate_shared(PoolAlloc),8000000,25.7948,310139,5406.61,0,0
128,64,SameThread,make_shared,32000000,1.89482,1.68881e+07,5316.67,0.6,3.2
128,64,SameThread,allocate_shared(PoolAlloc),32000000,1.45702,2.19626e+07,5390.92,0.4,3.5
128,64,CrossThread,make_shared,16000000,10.3336,1.54835e+06,5390.35,0,0
128,64,CrossThread,allocate_shared(PoolAlloc),16000000,10.2037,1.56806e+06,5464.6,0,0
128,64,CrossThread,make_shared,16000000,14.3889,1.11197e+06,6847.54,0,0
128,64,CrossThread,allocate_shared(PoolAlloc),16000000,14.385,1.11227e+06,7895.89,0,0
128,64,CrossThread,make_shared,16000000,32.696,489357,7904.96,0,0
128,64,CrossThread,allocate_shared(PoolAlloc),16000000,32.3564,494493,8284.34,0,0
512,1,SameThread,make_shared,500000,0.0402889,1.24104e+07,8154.16,0.1,0.2
512,1,SameThread,allocate_shared(PoolAlloc),500000,0.0285134,1.75356e+07,8156.25,0,0.1
512,2,CrossThread,make_shared,500000,0.108075,4.6264e+06,8156.27,0,0
512,2,CrossThread,allocate_shared(PoolAlloc),500000,0.0602007,8.30555e+06,8181.3,0,0
512,2,CrossThread,make_shared,500000,2.69375,185615,8257.05,0,0
512,2,CrossThread,allocate_shared(PoolAlloc),500000,2.58628,193328,8735.57,0,0
512,2,CrossThread,make_shared,500000,25.5505,19569.1,8750.01,0,0
512,2,CrossThread,allocate_shared(PoolAlloc),500000,25.2939,19767.6,8774.61,0,0
512,2,SameThread,make_shared,1000000,0.10029,9.97105e+06,8770.61,0.2,0.4
512,2,SameThread,allocate_shared(PoolAlloc),1000000,0.0791368,1.26363e+07,8774.78,0.1,0.1
512,2,CrossThread,make_shared,500000,0.102779,4.86481e+06,8774.79,0,0
512,2,CrossThread,allocate_shared(PoolAlloc),500000,0.0661622,7.55719e+06,8779.02,0,0
512,2,CrossThread,make_shared,500000,2.67128,187176,8783.02,0,0
512,2,CrossThread,allocate_shared(PoolAlloc),500000,2.58554,193383,8790.91,0,0
512,2,CrossThread,make_shared,500000,25.4763,19626.1,8792.43,0,0
512,2,CrossThread,allocate_shared(PoolAlloc),500000,25.2501,19801.9,8796.64,0,0
512,4,SameThread,make_shared,2000000,0.158994,1.25791e+07,8792.64,0.2,0.5
512,4,SameThread,allocate_shared(PoolAlloc),2000000,0.1222,1.63667e+07,8800.97,0.1,0.2
512,4,CrossThread,make_shared,1000000,0.275233,3.63329e+06,8800.97,0,0
512,4,CrossThread,allocate_shared(PoolAlloc),1000000,0.23786,4.20416e+06,8810.3,0,0
512,4,CrossThread,make_shared,1000000,2.69241,371414,9005.91,0,0
512,4,CrossThread,allocate_shared(PoolAlloc),1000000,2.6176,382030,9478.63,0,0
512,4,CrossThread,make_shared,1000000,25.2964,39531.4,9525.11,0,0
512,4,CrossThread,allocate_shared(PoolAlloc),1000000,25.1933,39693.1,9571,0,0
512,8,SameThread,make_shared,4000000,0.277657,1.44063e+07,9562.99,0.3,0.9
512,8,SameThread,allocate_shared(PoolAlloc),4000000,0.243072,1.6456e+07,9579.65,0.2,0.5
512,8,CrossThread,make_shared,2000000,0.868104,2.30387e+06,9579.7,0,0
512,8,CrossThread,allocate_shared(PoolAlloc),2000000,0.651277,3.07089e+06,9596.35,0,0
512,8,CrossThread,make_shared,2000000,2.81321,710931,9684.22,0,0
512,8,CrossThread,allocate_shared(PoolAlloc),2000000,2.73365,731623,10505.7,0,0
512,8,CrossThread,make_shared,2000000,25.3393,78928.8,10580.5,0,0
512,8,CrossThread,allocate_shared(PoolAlloc),2000000,25.2032,79355,10798.3,0,0
512,16,SameThread,make_shared,8000000,0.52778,1.51578e+07,10781.3,0.5,1.7
512,16,SameThread,allocate_shared(PoolAlloc),8000000,0.475321,1.68307e+07,10814.6,0.4,2.2
512,16,CrossThread,make_shared,4000000,2.15342,1.85751e+06,10815,0,0
512,16,CrossThread,allocate_shared(PoolAlloc),4000000,1.97565,2.02465e+06,10850.4,0,0
512,16,CrossThread,make_shared,4000000,3.46866,1.15318e+06,11019.7,0,0
512,16,CrossThread,allocate_shared(PoolAlloc),4000000,3.47379,1.15148e+06,11938.8,0,0
512,16,CrossThread,make_shared,4000000,25.4429,157214,12095.5,0,0
512,16,CrossThread,allocate_shared(PoolAlloc),4000000,25.2928,158148,13136.5,0,0
512,32,SameThread,make_shared,16000000,0.996719,1.60527e+07,13095.6,0.6,2.9
512,32,SameThread,allocate_shared(PoolAlloc),16000000,0.829071,1.92987e+07,13162.2,0.4,3.5
512,32,CrossThread,make_shared,8000000,5.28725,1.51307e+06,13162.2,0,0
512,32,CrossThread,allocate_shared(PoolAlloc),8000000,5.04147,1.58684e+06,13228.8,0,0
512,32,CrossThread,make_shared,8000000,5.82978,1.37226e+06,13386.4,0,0
512,32,CrossThread,allocate_shared(PoolAlloc),8000000,6.04448,1.32352e+06,13747.5,0,0
512,32,CrossThread,make_shared,8000000,26.2654,304583,12961.3,0,0
512,32,CrossThread,allocate_shared(PoolAlloc),8000000,25.9905,307805,16257,0,0
512,64,SameThread,make_shared,32000000,1.96379,1.6295e+07,16189.4,0.7,3.2
512,64,SameThread,allocate_shared(PoolAlloc),32000000,1.54193,2.07532e+07,16322.7,0.4,3.8
512,64,CrossThread,make_shared,16000000,10.5021,1.5235e+06,16350,0,0
512,64,CrossThread,allocate_shared(PoolAlloc),16000000,9.97378,1.60421e+06,16484.3,0,0
512,64,CrossThread,make_shared,16000000,14.5919,1.0965e+06,19306.1,0,0
512,64,CrossThread,allocate_shared(PoolAlloc),16000000,15.082,1.06087e+06,23752.7,0,0
512,64,CrossThread,make_shared,16000000,33.9466,471328,26659.4,0,0
512,64,CrossThread,allocate_shared(PoolAlloc),16000000,32.4332,493321,27503.2,0,0
900,1,SameThread,make_shared,500000,0.0427123,1.17062e+07,24485.4,0.1,0.2
900,1,SameThread,allocate_shared(PoolAlloc),500000,0.0298791,1.67341e+07,24487.5,0,0.1
900,2,CrossThread,make_shared,500000,0.112538,4.44296e+06,24489.1,0,0
900,2,CrossThread,allocate_shared(PoolAlloc),500000,0.074084,6.7491e+06,24493.3,0,0
900,2,CrossThread,make_shared,500000,2.75349,181588,24904.4,0,0
900,2,CrossThread,allocate_shared(PoolAlloc),500000,2.65371,188416,24912.6,0,0
900,2,CrossThread,make_shared,500000,25.7229,19437.9,24958.3,0,0
900,2,CrossThread,allocate_shared(PoolAlloc),500000,25.37,19708.3,24965.9,0,0
900,2,SameThread,make_shared,1000000,0.0912149,1.09631e+07,24961.9,0.1,0.2
900,2,SameThread,allocate_shared(PoolAlloc),1000000,0.0605734,1.65089e+07,24966.1,0.1,0.1
900,2,CrossThread,make_shared,500000,0.112947,4.42685e+06,24966.1,0,0
900,2,CrossThread,allocate_shared(PoolAlloc),500000,0.0706982,7.07232e+06,24970.3,0,0
900,2,CrossThread,make_shared,500000,2.74783,181961,24974.3,0,0
900,2,CrossThread,allocate_shared(PoolAlloc),500000,2.65064,188634,24982.4,0,0
900,2,CrossThread,make_shared,500000,25.7244,19436.8,24987.2,0,0
900,2,CrossThread,allocate_shared(PoolAlloc),500000,25.4265,19664.6,24994.8,0,0
900,4,SameThread,make_shared,2000000,0.151582,1.31942e+07,24990.8,0.2,0.6
900,4,SameThread,allocate_shared(PoolAlloc),2000000,0.123135,1.62424e+07,24999.1,0.1,0.3
900,4,CrossThread,make_shared,1000000,0.293608,3.4059e+06,24999.4,0,0
900,4,CrossThread,allocate_shared(PoolAlloc),1000000,0.19663,5.08568e+06,25007.7,0,0
900,4,CrossThread,make_shared,1000000,2.81309,355481,25363,0,0
900,4,CrossThread,allocate_shared(PoolAlloc),1000000,2.69217,371447,25381.7,0,0
900,4,CrossThread,make_shared,1000000,25.5739,39102.3,25491.7,0,0
900,4,CrossThread,allocate_shared(PoolAlloc),1000000,25.3332,39473.9,25508.5,0,0
900,8,SameThread,make_shared,4000000,0.273543,1.46229e+07,25500.5,0.3,1
900,8,SameThread,allocate_shared(PoolAlloc),4000000,0.245833,1.62712e+07,25517.2,0.2,0.7
900,8,CrossThread,make_shared,2000000,0.85877,2.32891e+06,25517.9,0,0
900,8,CrossThread,allocate_shared(PoolAlloc),2000000,0.617046,3.24125e+06,25534.6,0,0
900,8,CrossThread,make_shared,2000000,3.01201,664008,26102,0,0
900,8,CrossThread,allocate_shared(PoolAlloc),2000000,2.79789,714823,26151.4,0,0
900,8,CrossThread,make_shared,2000000,25.6525,77965.1,26495.9,0,0
900,8,CrossThread,allocate_shared(PoolAlloc),2000000,25.2386,79243.6,26532,0,0
900,16,SameThread,make_shared,8000000,0.552482,1.44801e+07,26516.2,0.6,1.8
900,16,SameThread,allocate_shared(PoolAlloc),8000000,0.513942,1.5566e+07,26549.5,0.4,1.9
900,16,CrossThread,make_shared,4000000,2.12006,1.88673e+06,26549.8,0,0
900,16,CrossThread,allocate_shared(PoolAlloc),4000000,2.02844,1.97196e+06,26583.1,0,0
900,16,CrossThread,make_shared,4000000,3.51128,1.13919e+06,27131.5,0,0
900,16,CrossThread,allocate_shared(PoolAlloc),4000000,3.55268,1.12591e+06,27216.4,0,0
900,16,CrossThread,make_shared,4000000,26.1076,153212,27421.8,0,0
900,16,CrossThread,allocate_shared(PoolAlloc),4000000,25.3275,157931,27433,0,0
900,32,SameThread,make_shared,16000000,1.11709,1.4323e+07,27398.7,0.9,2.8
900,32,SameThread,allocate_shared(PoolAlloc),16000000,1.00405,1.59354e+07,27465.3,0.6,2.7
900,32,CrossThread,make_shared,8000000,5.24954,1.52394e+06,27466.3,0,0
900,32,CrossThread,allocate_shared(PoolAlloc),8000000,5.38566,1.48543e+06,27542.5,0,0
900,32,CrossThread,make_shared,8000000,6.94111,1.15255e+06,27708.3,0,0
900,32,CrossThread,allocate_shared(PoolAlloc),8000000,6.34944,1.25995e+06,27810.8,0,0
900,32,CrossThread,make_shared,8000000,27.362,292376,25452.9,0,0
900,32,CrossThread,allocate_shared(PoolAlloc),8000000,25.8867,309038,25560.3,0,0
900,64,SameThread,make_shared,32000000,2.26845,1.41065e+07,25493.2,0.9,2.9
900,64,SameThread,allocate_shared(PoolAlloc),32000000,2.0473,1.56304e+07,25626.2,0.7,2.8
900,64,CrossThread,make_shared,16000000,10.4846,1.52604e+06,25726.6,0,0
900,64,CrossThread,allocate_shared(PoolAlloc),16000000,10.6541,1.50178e+06,25859.8,0,0
900,64,CrossThread,make_shared,16000000,20.4098,783938,26306.2,0,0
900,64,CrossThread,allocate_shared(PoolAlloc),16000000,15.4065,1.03853e+06,26463.9,0,0
900,64,CrossThread,make_shared,16000000,39.042,409815,26440.2,0,0
900,64,CrossThread,allocate_shared(PoolAlloc),16000000,33.1278,482979,26665.3,0,0
